Farm,Date,Plot,Size,Plant Type,Notes,ID,DBH01,DBH02,DBH03,DBH04,DBH05,DBH06,DBH07,DBH08,DBH09,DBH10,DBH11,DBH12,DBH13,DBH14,DBH15,DBH16,DBH17,DBH18,DBH19,DBH20,DBH21,DBH22,DBH23
UTUA2,5/14/23,1,30x30,Ci,,1,6,61,8,4.75,8.5,4.6,4.8,,,,,,,,,,,,,,,,
UTUA2,5/14/23,1,30x30,Ci,,2,14,11,6.8,,,,,,,,,,,,,,,,,,,,
UTUA2,5/14/23,1,30x30,Ci,,3,8,6.3,10.5,5,,,,,,,,,,,,,,,,,,,
UTUA2,5/14/23,1,30x30,Ci,,4,6.4,13.3,,,,,,,,,,,,,,,,,,,,,
UTUA2,5/14/23,1,30x30,Ci,,5,6.5,6.3,3.5,9.1,9.4,3.5,4.8,8.6,,,,,,,,,,,,,,,
UTUA2,5/14/23,1,30x30,Ci,,6,7.4,5.8,9,4.8,3.1,6,,,,,,,,,,,,,,,,,
UTUA2,5/14/23,1,30x30,Ci,,7,8.6,9.8,7.4,6.4,2.9,4.1,,,,,,,,,,,,,,,,,
UTUA2,5/14/23,1,30x30,Ci,,8,2.7,4.9,3.9,1.7,2,4.3,1.6,1.9,4.7,,,,,,,,,,,,,,
UTUA2,5/14/23,1,30x30,Ci,,9,9.6,6.7,,,,,,,,,,,,,,,,,,,,,
UTUA2,5/14/23,1,30x30,Ci,,10,9.1,10.4,8.9,,,,,,,,,,,,,,,,,,,,
UTUA2,5/14/23,1,30x30,Ci,,11,16.3,12.4,,,,,,,,,,,,,,,,,,,,,
UTUA2,5/14/23,1,30x30,Ci,Has a dead branch,12,3.1,6,4.7,4.3,9.6,3.9,2.4*,,,,,,,,,,,,,,,,
UTUA2,5/14/23,1,30x30,Ci,,13,9.2,5.1,4.9,5.5,2.9,9.7,6,5.1,,,,,,,,,,,,,,,
UTUA2,5/14/23,1,30x30,Ci,,14,7.6,5.4,10.4,5.2,3.6,,,,,,,,,,,,,,,,,,
UTUA2,5/14/23,1,30x30,Ci,,15,5,12,2.5,5.3,7,8,,,,,,,,,,,,,,,,,
UTUA2,5/14/23,1,30x30,Ci,,16,3.2,7,7.8,4.9,8.4,5.3,7.6,4.2,,,,,,,,,,,,,,,
UTUA2,5/14/23,1,30x30,Ci,,17,7.6,4.8,7.1,8.3,9.8,4.7,5,,,,,,,,,,,,,,,,
UTUA2,5/14/23,1,30x30,Ci,,18,5.1,3,8.1,7,7.3,9,,,,,,,,,,,,,,,,,
UTUA2,5/14/23,1,30x30,Ci,,19,15,6.8,3.9,3.8,,,,,,,,,,,,,,,,,,,
UTUA2,5/14/23,1,30x30,Ci,Has a dead branch,20,6,8.7,10.7 *,,,,,,,,,,,,,,,,,,,,
UTUA2,5/14/23,1,30x30,Ci,Dead tree,21,11,6.4,5.9,5.7,4.6,8.1,,,,,,,,,,,,,,,,,
UTUA2,5/14/23,1,30x30,Ci,,22,3.1,12.5,6.2,10.2,7,6.6,,,,,,,,,,,,,,,,,
UTUA2,5/14/23,1,30x30,Ci,,23,10.8,8.5,10.3,12.4,,,,,,,,,,,,,,,,,,,
UTUA2,5/14/23,1,30x30,Ci,,24,8,10.4,8.9,9.7,,,,,,,,,,,,,,,,,,,
UTUA2,5/14/23,1,30x30,Ci,,25,10.8,6.3,4.9,,,,,,,,,,,,,,,,,,,,
UTUA2,5/14/23,1,30x30,Ba,Banana,26,10,,,,,,,,,,,,,,,,,,,,,,
UTUA2,5/14/23,1,30x30,Ci,,27,8,9,,,,,,,,,,,,,,,,,,,,,
UTUA2,5/14/23,1,30x30,Ci,Has two dead branches,28,8,9.1,6.6,5.6,7.9,8.3,2.6 *,4.1 *,,,,,,,,,,,,,,,
UTUA2,5/14/23,1,30x30,Ci,,29,10.5,11.4,6,6.1,9.1,,,,,,,,,,,,,,,,,,
UTUA2,5/14/23,1,30x30,Ci,,30,5.7,5.7,13.3,9.6,7.2,9.7,6.7,9.2,,,,,,,,,,,,,,,
UTUA2,5/14/23,1,30x30,Ci,,31,15.1,6.7,,,,,,,,,,,,,,,,,,,,,
UTUA2,5/14/23,1,30x30,Ci,,32,7.6,18.5,6.7,8.1,,,,,,,,,,,,,,,,,,,
UTUA2,5/14/23,1,30x30,Ci,,33,7.4,13.1,,,,,,,,,,,,,,,,,,,,,
UTUA2,5/14/23,3,30x30,Ci,,34,8.6,13.1,10.7,4.5,4.9,,,,,,,,,,,,,,,,,,
UTUA2,5/14/23,3,30x30,Ci,,35,4.5,8.5,6.6,10.4,7.8,,,,,,,,,,,,,,,,,,
UTUA2,5/14/23,3,30x30,Ci,,36,14.4,11,15.3,,,,,,,,,,,,,,,,,,,,
UTUA2,5/14/23,3,30x30,Ci,,37,13.7,6.8,5.1,8,,,,,,,,,,,,,,,,,,,
UTUA2,5/14/23,3,30x30,Ci,,38,5.1,12,9.2,10.1,1.1,11,5.9,3.2,3.6,3.7,7,,,,,,,,,,,,
UTUA2,5/14/23,3,30x30,Tr,,39,7.9,9.3,,,,,,,,,,,,,,,,,,,,,
UTUA2,5/14/23,3,30x30,Ci,,40,6.5,6,10.8,5.65,3.6,,,,,,,,,,,,,,,,,,
UTUA2,5/14/23,3,30x30,Ci,,41,5.8,10.5,6.7,4.9,7.2,,,,,,,,,,,,,,,,,,
UTUA2,5/14/23,3,30x30,Ci,,42,7.7,6.85,4.5,4.2,,,,,,,,,,,,,,,,,,,
UTUA2,5/14/23,3,30x30,Ci,,43,4.6,10.9,9.6,,,,,,,,,,,,,,,,,,,,
UTUA2,5/14/23,3,30x30,Ci,,44,8.1,14.2,6.5,8.5,,,,,,,,,,,,,,,,,,,
UTUA2,5/14/23,3,30x30,Ci,,45,5.3,7.3,7.9,10.3,11.2,,,,,,,,,,,,,,,,,,
UTUA2,5/14/23,3,30x30,Ci,Has a dead branch,46,12.7,10.1,6.4,3.6 *,,,,,,,,,,,,,,,,,,,
UTUA2,5/14/23,3,30x30,Ci,,47,14.3,9.7,4.3,3.8,5,,,,,,,,,,,,,,,,,,
UTUA2,5/14/23,3,30x30,Ci,,48,9.2,7.6,9.6,8.6,18.5,,,,,,,,,,,,,,,,,,
UTUA2,5/14/23,3,30x30,Ci,Dead citrus,49,13.8,,,,,,,,,,,,,,,,,,,,,,
UTUA2,5/14/23,3,30x30,Ci,,50,7.8,12,9.7,11.4,,,,,,,,,,,,,,,,,,,
UTUA2,5/14/23,3,30x30,Ci,,51,5.65,10.5,13.1,,,,,,,,,,,,,,,,,,,,
UTUA2,5/14/23,3,30x30,Tr,Small tree -- we had a discussion about including it or not,52,2.8,,,,,,,,,,,,,,,,,,,,,,
UTUA2,5/14/23,3,30x30,Ci,,53,9.9,4.9,7,7.5,12.2,4.2,,,,,,,,,,,,,,,,,
UTUA2,5/14/23,3,30x30,Ci,,54,4,6.1,4.1,4.9,7.85,4.8,9.55,5,6.8,8.45,,,,,,,,,,,,,
UTUA2,5/14/23,3,30x30,Ci,,55,4,5.5,7.7,3.4,3.5,5.1,7.05,10.2,11,8,5.6,,,,,,,,,,,,
UTUA2,5/14/23,3,30x30,Ci,,56,5.9,5.5,3.4,14.1,3.3,,,,,,,,,,,,,,,,,,
UTUA2,5/14/23,3,30x30,Tr,Dead tree,57,16.3,4.5,4.5,,,,,,,,,,,,,,,,,,,,
UTUA2,5/14/23,3,30x30,Ci,,58,4.5,2.6,9.2,12.75,,,,,,,,,,,,,,,,,,,
UTUA2,5/14/23,3,30x30,Ci,Has two dead branches,59,4.8,9.5,6.1 *,11.6,7.4 *,,,,,,,,,,,,,,,,,,
UTUA2,5/14/23,3,30x30,Ci,,60,10,5.4,7.6,10.25,,,,,,,,,,,,,,,,,,,
UTUA2,5/14/23,3,30x30,Ci,Dead tree,61,4.6,8.6,6.2,3.6,9.3,,,,,,,,,,,,,,,,,,
UTUA2,5/14/23,3,30x30,Ci,Has five dead branches,62,9,5.2,6.5,9.6 *,4.1 *,5.9 *,7.3 *,8.7 *,,,,,,,,,,,,,,,
UTUA2,5/14/23,3,30x30,Ci,,63,6,6.4,7,7,9.2,10.7,7.8,,,,,,,,,,,,,,,,
UTUA2,5/14/23,3,30x30,Ci,,64,11.3,8,11,7,6.7,,,,,,,,,,,,,,,,,,
UTUA2,5/14/23,3,30x30,Ci,,65,4.8,8.4,2.8 *,6,3.65,6.2,6.2,8.2,,,,,,,,,,,,,,,
UTUA2,5/14/23,3,30x30,Ci,,66,4.4,6.5,7,11,2.7 *,15.5,2.7 *,,,,,,,,,,,,,,,,
UTUA2,5/14/23,3,30x30,Ci,,67,5.3,10.3,,,,,,,,,,,,,,,,,,,,,
UTUA2,5/14/23,3,30x30,Ci,,68,11.15,9.6,4.8,4.6,10.8,6.8,6.7,,,,,,,,,,,,,,,,
UTUA2,5/14/23,3,30x30,Ci,,69,11.4,11.1,10.7,5,,,,,,,,,,,,,,,,,,,
UTUA2,5/14/23,3,30x30,Ci,,70,12.4,5.3,6.1,7.6,9.8,4.5,4.9,,,,,,,,,,,,,,,,
UTUA2,5/14/23,3,10x10,Co,"Trees are missing, used 30x30 trees",NA,1.29,1.72,,,,,,,,,,,,,,,,,,,,,
UTUA2,5/14/23,3,10x10,Co,,NA,1.5,1.86,1,,,,,,,,,,,,,,,,,,,,
UTUA2,5/14/23,3,10x10,Co,,NA,2.05,1.71,1.59,,,,,,,,,,,,,,,,,,,,
UTUA2,5/14/23,3,10x10,Co,,NA,1.3,1.9,1.52,1.7,,,,,,,,,,,,,,,,,,,
UTUA2,5/14/23,3,10x10,Co,,NA,1.2,1.5,2,2.7,0.99,,,,,,,,,,,,,,,,,,
UTUA2,5/14/23,3,10x10,Co,,NA,0.66,0.9,0.92,,,,,,,,,,,,,,,,,,,,
UTUA2,5/14/23,3,10x10,Co,,NA,1.5,2.1,1.6,1.8,1,2.3,0.87,1.29,,,,,,,,,,,,,,,
UTUA2,5/14/23,3,10x10,Co,,NA,2.1,2.1,1.4,,,,,,,,,,,,,,,,,,,,
UTUA2,5/14/23,3,10x10,Co,,NA,0.75,0.79,1.4,1.12,0.8,,,,,,,,,,,,,,,,,,
UTUA2,5/14/23,3,10x10,Co,,NA,2.3,1.7,2.2,,,,,,,,,,,,,,,,,,,,
UTUA2,5/14/23,3,10x10,Co,,NA,0.67,0.72,,,,,,,,,,,,,,,,,,,,,
UTUA2,5/14/23,3,10x10,Co,,NA,2.5,,,,,,,,,,,,,,,,,,,,,,
UTUA2,5/14/23,3,10x10,Co,,NA,1.16,2.53,,,,,,,,,,,,,,,,,,,,,
UTUA2,5/14/23,3,10x10,Co,,NA,2.82,,,,,,,,,,,,,,,,,,,,,,
UTUA2,5/14/23,3,10x10,Co,,NA,0.74,,,,,,,,,,,,,,,,,,,,,,
UTUA2,5/14/23,3,10x10,Co,,NA,1.86,,,,,,,,,,,,,,,,,,,,,,
UTUA2,5/14/23,3,10x10,Co,,NA,1,1.63,2.6,1.12,0.8,,,,,,,,,,,,,,,,,,
UTUA2,5/14/23,3,10x10,Co,,NA,2.27,,,,,,,,,,,,,,,,,,,,,,
UTUA2,5/14/23,3,10x10,Co,,NA,1.05,,,,,,,,,,,,,,,,,,,,,,
UTUA2,5/14/23,3,10x10,Co,,NA,1,1.27,0.81,1.56,1.23,,,,,,,,,,,,,,,,,,
UTUA2,5/14/23,3,10x10,Co,,NA,1.16,1.95,0.72,1.15,0.61,0.56,,,,,,,,,,,,,,,,,
UTUA2,5/14/23,3,10x10,Co,,NA,1.88,1.21,1.98,1.4,,,,,,,,,,,,,,,,,,,
UTUA2,5/14/23,2,10x10,Ci,,71,8.7,8.7,6.7 *,11.6,5.1,,,,,,,,,,,,,,,,,,
UTUA2,5/14/23,2,10x10,Shrub?,,NA,0.65,0.64,0.69,0.81,0.43,0.54,0.6,,,,,,,,,,,,,,,,
UTUA2,5/14/23,2,10x10,Ci,,72,17.8,12.4,,,,,,,,,,,,,,,,,,,,,
UTUA2,5/14/23,2,10x10,Ci,,73,9.8,3,10.8,1.5,0.68,1.22,2.12,,,,,,,,,,,,,,,,
UTUA16,5/15/23,2,30X30,Tr,Mango tree,80,82.7,,,,,,,,,,,,,,,,,,,,,,
UTUA16,5/15/23,2,30X30,Tr,Achiote tree,81,8.45,4.7,,,,,,,,,,,,,,,,,,,,,
UTUA16,5/15/23,2,30X30,Ci,Citrus tree,82,5.4,4.1,1.9,1.1,0.9,,,,,,,,,,,,,,,,,,
UTUA16,5/15/23,2,30X30,Tr,Shrub,83,3.1,1.1,1.2,2.2,1.5,2,,,,,,,,,,,,,,,,,
UTUA16,5/15/23,2,30X30,Ba,Banana,84,14.2,,,,,,,,,,,,,,,,,,,,,,
UTUA16,5/15/23,2,30X30,Ba,Banana,85,10.9,,,,,,,,,,,,,,,,,,,,,,
UTUA16,5/15/23,2,30X30,Tr,Tree (pan.),86,15.3,,,,,,,,,,,,,,,,,,,,,,
UTUA16,5/15/23,2,30X30,Tr,Tree (pan.),87,11.2,,,,,,,,,,,,,,,,,,,,,,
UTUA16,5/15/23,2,30X30,Tr,Tree  ,88,13.1,,,,,,,,,,,,,,,,,,,,,,
UTUA16,5/15/23,2,30X30,Tr,Sentilla apple,89,30.5,,,,,,,,,,,,,,,,,,,,,,
UTUA16,5/15/23,2,30X30,Ba,Banana,90,13,,,,,,,,,,,,,,,,,,,,,,
UTUA16,5/15/23,2,30X30,Tr,Tree (panna),91,17.6,,,,,,,,,,,,,,,,,,,,,,
UTUA16,5/15/23,2,30X30,Tr,Tree (panna) ,92,20.4,,,,,,,,,,,,,,,,,,,,,,
UTUA16,5/15/23,2,30X30,Tr,Tree (panna),93,10.3,,,,,,,,,,,,,,,,,,,,,,
UTUA16,5/15/23,2,30X30,Tr,Tree,94,43.4,,,,,,,,,,,,,,,,,,,,,,
UTUA16,5/15/23,2,30X30,Tr,Tree,95,45.9,,,,,,,,,,,,,,,,,,,,,,
UTUA16,5/15/23,2,30X30,Tr,Tree,96,10.6,9.5,7.6,,,,,,,,,,,,,,,,,,,,
UTUA16,5/15/23,2,30X30,Tr,Guava,97,5.9,2.3,3.4,2.45,1.6,,,,,,,,,,,,,,,,,,
UTUA16,5/15/23,2,30X30,Tr,Tree,98,49.6,17.7,,,,,,,,,,,,,,,,,,,,,
UTUA16,5/15/23,2,30X30,Tr,Tree,99,14.9,,,,,,,,,,,,,,,,,,,,,,
UTUA16,5/15/23,2,30X30,Tr,Tree,100,28.1,,,,,,,,,,,,,,,,,,,,,,
UTUA16,5/15/23,2,30X30,Tr,Tree (sentilla apple),101,31.9,,,,,,,,,,,,,,,,,,,,,,
UTUA16,5/15/23,2,30X30,Tr,Guanabana tree,102,15.75,,,,,,,,,,,,,,,,,,,,,,
UTUA16,5/15/23,2,30X30,Ba,Banana,103,12.7,,,,,,,,,,,,,,,,,,,,,,
UTUA16,5/15/23,2,30X30,Tr,Tree (panna),104,7.1,14.5,,,,,,,,,,,,,,,,,,,,,
UTUA16,5/15/23,2,30X30,Tr,Tree (panna),105,12.4,,,,,,,,,,,,,,,,,,,,,,
UTUA16,5/15/23,2,30X30,Tr,Tree (Sentilla apple),106,27.3,,,,,,,,,,,,,,,,,,,,,,
UTUA16,5/15/23,2,30X30,Tr,Tree (guaraguao),107,6.7,6.2,3.8,,,,,,,,,,,,,,,,,,,,
UTUA16,5/15/23,2,30X30,Ba,Banana,108,11.1,,,,,,,,,,,,,,,,,,,,,,
UTUA16,5/15/23,2,30X30,Tr,Tree,109,14,,,,,,,,,,,,,,,,,,,,,,
UTUA16,5/15/23,2,30X30,Tr,Palm (coconut),110,32.5,,,,,,,,,,,,,,,,,,,,,,
UTUA16,5/15/23,2,30X30,Tr,Tree,111,12.3,,,,,,,,,,,,,,,,,,,,,,
UTUA16,5/15/23,2,30X30,Tr,Tree (guaraguao),112,56,,,,,,,,,,,,,,,,,,,,,,
UTUA16,5/15/23,2,30X30,Tr,Tree (Sentilla apple),113,25.9,23.5,,,,,,,,,,,,,,,,,,,,,
UTUA16,5/15/23,2,30X30,Tr,Shrub,114,3.2,3.3,2.5,3.1,1.7,2.1,2.6,,,,,,,,,,,,,,,,
UTUA16,5/15/23,2,30X30,Tr,Tree,115,27.5,,,,,,,,,,,,,,,,,,,,,,
UTUA16,5/15/23,2,30X30,Tr,Tree (coco palm),116,27,,,,,,,,,,,,,,,,,,,,,,
UTUA16,5/15/23,2,30X30,Ba,Banana,117,16.1,,,,,,,,,,,,,,,,,,,,,,
UTUA16,5/15/23,2,30X30,Tr,Royal Palm,118,35,,,,,,,,,,,,,,,,,,,,,,
UTUA16,5/15/23,2,30X30,Ba,Banana,119,12.1,,,,,,,,,,,,,,,,,,,,,,
UTUA16,5/15/23,2,30X30,Tr,Tree pihito,120,29.5,,,,,,,,,,,,,,,,,,,,,,
UTUA16,5/15/23,2,30X30,Tr,Tree (pods),121,18.5,24.5,,,,,,,,,,,,,,,,,,,,,
UTUA16,5/15/23,2,30X30,Ba,Banana,122,12.1,,,,,,,,,,,,,,,,,,,,,,
UTUA16,5/15/23,2,30X30,Ba,Banana,123,12.9,,,,,,,,,,,,,,,,,,,,,,
UTUA16,5/15/23,2,30X30,Tr,Tree,124,7.8,4.8,2.9,4.1,,,,,,,,,,,,,,,,,,,
UTUA16,5/15/23,2,30X30,Tr,Tree (guaraguao),125,16,,,,,,,,,,,,,,,,,,,,,,
UTUA16,5/15/23,2,30X30,Tr,Tree,126,24.2,,,,,,,,,,,,,,,,,,,,,,
UTUA16,5/15/23,2,30X30,Tr,Tree,127,25.25,3.5,2,,,,,,,,,,,,,,,,,,,,
UTUA16,5/15/23,2,30X30,Tr,Tree (dead),128,66.5,,,,,,,,,,,,,,,,,,,,,,
UTUA16,5/15/23,2,30X30,Tr,Tree (guagua),129,9.5,7,,,,,,,,,,,,,,,,,,,,,
UTUA16,5/15/23,2,30X30,Tr,Tree (palm),130,27,,,,,,,,,,,,,,,,,,,,,,
UTUA16,5/15/23,2,30X30,Tr,Tree,131,15,,,,,,,,,,,,,,,,,,,,,,
UTUA16,5/15/23,2,30X30,Tr,,132,2.85,2.95,2.95,4.03,2.65,1.55,1.8,2.85,4.2,4.8,4.2,,,,,,,,,,,,
UTUA16,5/15/23,2,10x10,Tr,Starfruit,NA,9.4,,,,,,,,,,,,,,,,,,,,,,
UTUA16,5/15/23,2,10x10,Tr,Avocado,NA,1.56,,,,,,,,,,,,,,,,,,,,,,
UTUA16,5/15/23,2,10x10,Tr,African Tul.,NA,0.68,,,,,,,,,,,,,,,,,,,,,,
UTUA16,5/15/23,2,10x10,Tr,Tree,NA,1.83,,,,,,,,,,,,,,,,,,,,,,
UTUA16,5/15/23,2,10x10,Tr,Dead,NA,67,,,,,,,,,,,,,,,,,,,,,,
UTUA16,5/15/23,2,10x10,Tr,Tree,NA,5.45,,,,,,,,,,,,,,,,,,,,,,
UTUA16,5/15/23,2,10x10,Tr,Tree,NA,2.04,,,,,,,,,,,,,,,,,,,,,,
UTUA16,5/15/23,2,10x10,Tr,Maria,NA,3.48,1.33,2.42,1.62,,,,,,,,,,,,,,,,,,,
UTUA16,5/15/23,2,10x10,Tr,Breafruit,NA,6.7,,,,,,,,,,,,,,,,,,,,,,
UTUA16,5/15/23,2,10x10,Tr,Breafruit,NA,9.5,,,,,,,,,,,,,,,,,,,,,,
UTUA16,5/15/23,2,10x10,Tr,Tree,NA,1.08,,,,,,,,,,,,,,,,,,,,,,
UTUA16,5/15/23,2,10x10,Ci,Citrus,NA,57.9,,,,,,,,,,,,,,,,,,,,,,
UTUA16,5/15/23,2,10x10,Tr,Guaraguao,NA,26,,,,,,,,,,,,,,,,,,,,,,
UTUA16,5/15/23,2,10x10,Tr,?,NA,3.06,,,,,,,,,,,,,,,,,,,,,,
UTUA16,5/15/23,2,10x10,Tr,Neem,NA,0.93,,,,,,,,,,,,,,,,,,,,,,
UTUA16,5/15/23,2,10x10,Tr,Tree,NA,2.83,,,,,,,,,,,,,,,,,,,,,,
UTUA16,5/15/23,2,10x10,Tr,?,NA,2.62,3.69,1.82,,,,,,,,,,,,,,,,,,,,
UTUA16,5/15/23,2,10x10,Tr,Tree,NA,16.3,,,,,,,,,,,,,,,,,,,,,,
UTUA16,5/15/23,2,10x10,Tr,Trunk tree,NA,2.87,,,,,,,,,,,,,,,,,,,,,,
UTUA16,5/15/23,2,10x10,In,Inga,NA,7.6,9.2,1.99,,,,,,,,,,,,,,,,,,,,
UTUA16,5/15/23,3,10x10,Ci,Citr.,NA,0.85,0.45,0.35,1.85,1.2,0.5,1.05,2.75,1.95,1.82,,,,,,,,,,,,,
UTUA16,5/15/23,3,10x10,Ci,Citr.,NA,2.15,1.92,2.1,0.6,2.65,0.37,0.42,0.5,0.3,,,,,,,,,,,,,,
UTUA16,5/15/23,3,10x10,Ci,Citr.,NA,3.2,4.2,4.6,,,,,,,,,,,,,,,,,,,,
UTUA16,5/15/23,3,10x10,Ci,Citr.,NA,1.5,4,0.9,2.05,3.4,,,,,,,,,,,,,,,,,,
UTUA18,5/16/23,2,30x30,Ci,Citrus,140,5.1,6.85,8.3,5.85,2.7,7.6,4,,,,,,,,,,,,,,,,
UTUA18,5/16/23,2,30x30,Tr,Guava,141,4.3,4.8,4.8,2,,,,,,,,,,,,,,,,,,,
UTUA18,5/16/23,2,30x30,Co,Robusta,142,5.5,2.5,2.1,1.7,1.8,1.5,2.3,1.8,1.4,1.9,,,,,,,,,,,,,
UTUA18,5/16/23,2,30x30,Co,Robusta,143,2,1.71,1.37,2.1,6.42,3.3,2.87,1.22,4.22,1.485,,,,,,,,,,,,,
UTUA18,5/16/23,2,30x30,Tr,Guanabana,144,15.5,6.5,,,,,,,,,,,,,,,,,,,,,
UTUA18,5/16/23,2,30x30,Tr,Mango,145,15.3,,,,,,,,,,,,,,,,,,,,,,
UTUA18,5/16/23,2,30x30,Tr,Hobo,146,58.5,,,,,,,,,,,,,,,,,,,,,,
UTUA18,5/16/23,2,30x30,Ci,Citrus,147,60.5,6.5,,,,,,,,,,,,,,,,,,,,,
UTUA18,5/16/23,2,30x30,Tr,Quenepa,148,11,7,4,3,,,,,,,,,,,,,,,,,,,
UTUA18,5/16/23,2,30x30,Co,Coffee (Arab),149,2.1,2.35,1.22,1.37,,,,,,,,,,,,,,,,,,,
UTUA18,5/16/23,2,30x30,In,Inga Vera,150,17.5,,,,,,,,,,,,,,,,,,,,,,
UTUA18,5/16/23,2,30x30,In,Inga Vera,151,7,5.5,,,,,,,,,,,,,,,,,,,,,
UTUA18,5/16/23,2,30x30,In,Inga Vera,152,11.5,11.5,,,,,,,,,,,,,,,,,,,,,
UTUA18,5/16/23,2,30x30,Tr,Guanabana,153,4.9,2.65,2.62,2.4,1.35,1.3,1.82,1.17,,,,,,,,,,,,,,,
UTUA18,5/16/23,2,30x30,Co,Robusta,154,2.85,2.3,2.55,2.15,2.4,3.05,3.45,1.35,2.72,2.35,3,2.6,2.3,2.75,3.42,1.85,2.75,2.2,2.85,1.95,1.35,1.95,
UTUA18,5/16/23,2,30x30,In,Inga Vera,155,17.8,12.5,14.3,7,,,,,,,,,,,,,,,,,,,
UTUA18,5/16/23,2,30x30,Ci,Citrus,156,4.6 *,7,4,7.1,,,,,,,,,,,,,,,,,,,
UTUA18,5/16/23,2,30x30,In,Inga Vera,157,1.3,3.6,2.8,4.1,2.55,,,,,,,,,,,,,,,,,,
UTUA18,5/16/23,2,30x30,In,Inga Vera,158,33.5 *,,,,,,,,,,,,,,,,,,,,,,
UTUA18,5/16/23,2,10x10,Tr,Guanabana,NA,4.48,,,,,,,,,,,,,,,,,,,,,,
UTUA20,5/16/23,Plot South,10x10,Ba,Banana,NA,9.6,,,,,,,,,,,,,,,,,,,,,,
UTUA20,5/16/23,Plot South,10x10,Tr,Tr,NA,26.5,,,,,,,,,,,,,,,,,,,,,,
UTUA20,5/16/23,Plot South,10x10,Co,Co ,NA,1.71,2.27,,,,,,,,,,,,,,,,,,,,,
UTUA20,5/16/23,Plot South,10x10,Ba,Banana,NA,8.5,,,,,,,,,,,,,,,,,,,,,,
UTUA20,5/16/23,Plot South,10x10,Ba,Banana,NA,7.3,,,,,,,,,,,,,,,,,,,,,,
UTUA20,5/16/23,Plot South,10x10,Ba,Banana,NA,9.9,,,,,,,,,,,,,,,,,,,,,,
UTUA20,5/16/23,Plot South,10x10,Ba,Banana,NA,13.5,,,,,,,,,,,,,,,,,,,,,,
UTUA20,5/16/23,Plot South,10x10,Ba,Banana,NA,9.4,,,,,,,,,,,,,,,,,,,,,,
UTUA20,5/16/23,Plot South,10x10,Ba,Banana,NA,12.5,,,,,,,,,,,,,,,,,,,,,,
UTUA20,5/16/23,Plot South,10x10,Tr,Tree,NA,24,31.2,29.8,,,,,,,,,,,,,,,,,,,,
UTUA20,5/16/23,Plot South,10x10,Ba,Banana,NA,14.4,,,,,,,,,,,,,,,,,,,,,,
UTUA20,5/16/23,Plot South,10x10,Co,Co,NA,2.69,1.4,2.14,0.58,0.87,0.927,1.655,,,,,,,,,,,,,,,,
UTUA20,5/16/23,Plot South,10x10,Ba,Banana,NA,7.5,,,,,,,,,,,,,,,,,,,,,,
UTUA20,5/16/23,Plot South,10x10,Ba,Banana,NA,12.2,,,,,,,,,,,,,,,,,,,,,,
UTUA20,5/16/23,Plot South,10x10,Ba,Banana,NA,5.49,,,,,,,,,,,,,,,,,,,,,,
UTUA20,5/16/23,Plot South,10x10,Ba,Banana,NA,7.2,,,,,,,,,,,,,,,,,,,,,,
UTUA20,5/16/23,Plot South,10x10,Co,Co,NA,1.89,1.545,1.55,,,,,,,,,,,,,,,,,,,,
UTUA20,5/16/23,Plot South,10x10,Ba,Banana,NA,4.3,,,,,,,,,,,,,,,,,,,,,,
UTUA20,5/16/23,Plot South,10x10,Ba,Banana,NA,8.21,,,,,,,,,,,,,,,,,,,,,,
UTUA20,5/16/23,Plot South,10x10,Ba,Banana,NA,11.1,,,,,,,,,,,,,,,,,,,,,,
UTUA20,5/16/23,Plot South,10x10,Ba,Banana,NA,7.9,,,,,,,,,,,,,,,,,,,,,,
UTUA20,5/16/23,Plot North,10x10,Co,Co,NA,1.73,1.12,1.55,1.78,1.78,,,,,,,,,,,,,,,,,,
UTUA20,5/16/23,Plot North,10x10,Tr,Tree (small),NA,0.74,,,,,,,,,,,,,,,,,,,,,,
UTUA20,5/16/23,Plot North,both,Tr,"Big tree, almost dead",159,18.4,,,,,,,,,,,,,,,,,,,,,,
UTUA20,5/16/23,Plot North,10x10,Ci,Citrus,NA,3.5,,,,,,,,,,,,,,,,,,,,,,
UTUA20,5/16/23,Plot North,both,Co,Co,160,2.32,1.49,1.77,1.85,1.61,,,,,,,,,,,,,,,,,,
UTUA20,5/16/23,Plot North,10x10,Co,Co,161,1.84,0.99,2.07,1.86,1.57,1.21,1.67,,,,,,,,,,,,,,,,
UTUA20,5/16/23,Plot North,10x10,Co,Co,NA,1.78,,,,,,,,,,,,,,,,,,,,,,
UTUA20,5/16/23,Plot North,10x10,Ci,Ci,NA,1.98,1.37,0.84,1.02,0.94,1.32,1.71,,,,,,,,,,,,,,,,
UTUA20,5/16/23,Plot North,10x10,Co,Co,NA,1.94,1,2.24,1.08,1.32,1.71,,,,,,,,,,,,,,,,,
UTUA20,5/16/23,Plot North,both,Tr,Tree (large),162,20.5,,,,,,,,,,,,,,,,,,,,,,
UTUA20,5/16/23,Plot North,10x10,Co,Co,NA,1.12,0.86,,,,,,,,,,,,,,,,,,,,,
UTUA20,5/16/23,,30x30,Co,,163,2.63,0.83,2.19,1.32,2.92,2.38,,,,,,,,,,,,,,,,,
UTUA20,5/16/23,,30x30,Co,,164,1.53,2.5,1.32,1.21,1.2,1.42,1.36,,,,,,,,,,,,,,,,
UTUA20,5/16/23,,30x30,Co,,165,1.45,1.05,0.98,0.77,1.35,,,,,,,,,,,,,,,,,,
UTUA20,5/16/23,,30x30,Co,Coffee,NA,1.37,1.16,1.84,1.76,1.14,2.07,2.31,,,,,,,,,,,,,,,,
UTUA20,5/16/23,,30x30,Co,Coffee,166,2.05,1.2,1.77,1.22,2.28,1.32,2.54,,,,,,,,,,,,,,,,
UTUA20,5/16/23,,30x30,Ba,Banana,167,13.7,,,,,,,,,,,,,,,,,,,,,,
UTUA20,5/16/23,,30x30,Co,Coffee,168,1.18,2.24,0.9,2.98,1.43,1.86,1.86,1.88,2.64,,,,,,,,,,,,,,
UTUA20,5/16/23,,30x30,Ba,Banana,169,11.7,,,,,,,,,,,,,,,,,,,,,,
UTUA20,5/16/23,,30x30,Ci,Citr,170,4.48,3.16,2.15,2.04,2.47,,,,,,,,,,,,,,,,,,
UTUA20,5/16/23,,30x30,Ba,Banana,171,11.2,,,,,,,,,,,,,,,,,,,,,,
UTUA20,5/16/23,,30x30,Ba,Banana,172,11.4,,,,,,,,,,,,,,,,,,,,,,
UTUA20,5/16/23,,30x30,Co,Coffee,173,1.92,0.94,1.3,2.1,2.55,0.98,1.91,2.45,1.93,1.43,1.41,,,,,,,,,,,,
UTUA20,5/16/23,,30x30,Tr,Tree,174,5.23,3.49,3.25,,,,,,,,,,,,,,,,,,,,
UTUA20,5/16/23,,30x30,Ci,Citr,175,2.04,0.97,1.25,1.48,1.21,1.05,,,,,,,,,,,,,,,,,
UTUA20,5/16/23,,30x30,Ba,Banana,176,16.6,,,,,,,,,,,,,,,,,,,,,,
UTUA20,5/16/23,,30x30,Ba,Banana,177,15.5,,,,,,,,,,,,,,,,,,,,,,
UTUA20,5/16/23,,30x30,Co,Coffee,178,1.96,1.87,2.2,1.36,1.02,2.18,,,,,,,,,,,,,,,,,
UTUA20,5/16/23,,30x30,Ci,Citr,179,1.64,1.41,2.02,1.71,2.17,,,,,,,,,,,,,,,,,,
UTUA20,5/16/23,,30x30,Co,Coffee,180,1.22,1.92,1.72,2.48,2.18,1.66,0.9,,,,,,,,,,,,,,,,
UTUA20,5/16/23,,30x30,Co,Coffee,181,1.15,1.43,1.69,0.9,1.59,1.46,1.05,,,,,,,,,,,,,,,,
UTUA20,5/16/23,,30x30,Ba,Banana,182,14.1,,,,,,,,,,,,,,,,,,,,,,
UTUA20,5/16/23,,30x30,Ci,Citrus,183,1.45,1.33,1.72,2.08,2.06,,,,,,,,,,,,,,,,,,
UTUA20,5/16/23,,30x30,Tr,Mango,184,12.9,,,,,,,,,,,,,,,,,,,,,,
UTUA20,5/16/23,,30x30,Ci,Citrus,185,2.07,1.57,1.03,1.65,0.92,,,,,,,,,,,,,,,,,,
UTUA20,5/16/23,,30x30,Ba,Banana,186,10.9,,,,,,,,,,,,,,,,,,,,,,
ADJUCP,5/17/23,,30x30,Ba,Banana,190,10.6,,,,,,,,,,,,,,,,,,,,,,
ADJUCP,5/17/23,,30x30,Tr,Guaraguao,191,24.8,,,,,,,,,,,,,,,,,,,,,,
ADJUCP,5/17/23,,30x30,In,Inga Vera,192,44,,,,,,,,,,,,,,,,,,,,,,
ADJUCP,5/17/23,,30x30,Tr,Guaraguao,193,21.5,,,,,,,,,,,,,,,,,,,,,,
ADJUCP,5/17/23,,30x30,Tr,Guaraguao,194,21,,,,,,,,,,,,,,,,,,,,,,
ADJUCP,5/17/23,,30x30,Tr,Big tree,195,44.5,,,,,,,,,,,,,,,,,,,,,,
ADJUCP,5/17/23,,30x30,Tr,Guaraguao,196,52.2,,,,,,,,,,,,,,,,,,,,,,
ADJUCP,5/17/23,,30x30,Tr,Guaraguao,197,17.8,,,,,,,,,,,,,,,,,,,,,,
ADJUCP,5/17/23,,30x30,Tr,Guaraguao,198,36,,,,,,,,,,,,,,,,,,,,,,
ADJUCP,5/17/23,,30x30,Tr,Big tree,199,41.2,,,,,,,,,,,,,,,,,,,,,,
ADJUCP,5/17/23,,30x30,Tr,Avocado,200,25.5,,,,,,,,,,,,,,,,,,,,,,
ADJUCP,5/17/23,,30x30,Tr,Guaraguao,201,19.2,,,,,,,,,,,,,,,,,,,,,,
ADJUCP,5/17/23,,30x30,Tr,Guaraguao,202,28.5,,,,,,,,,,,,,,,,,,,,,,
ADJUCP,5/17/23,,30x30,Ba,Banana,203,12.5,,,,,,,,,,,,,,,,,,,,,,
ADJUCP,5/17/23,,30x30,Tr,Guaraguao,204,11,,,,,,,,,,,,,,,,,,,,,,
ADJUCP,5/17/23,,30x30,Tr,Guaraguao,205,21.8,,,,,,,,,,,,,,,,,,,,,,
ADJUCP,5/17/23,,30x30,Ba,Banana,206,11.5,,,,,,,,,,,,,,,,,,,,,,
ADJUCP,5/17/23,,30x30,Ba,Banana,207,11.5,,,,,,,,,,,,,,,,,,,,,,
ADJUCP,5/17/23,,30x30,In,Inga Vera,208,24,,,,,,,,,,,,,,,,,,,,,,
ADJUCP,5/17/23,,30x30,Tr,Guaraguao,209,67,,,,,,,,,,,,,,,,,,,,,,
ADJUCP,5/17/23,,30x30,Tr,Guaraguao,210,13.2,,,,,,,,,,,,,,,,,,,,,,
ADJUCP,5/17/23,,30x30,Tr,Guaraguao,211,36.5,,,,,,,,,,,,,,,,,,,,,,
ADJUCP,5/17/23,,30x30,In,Inga Vera,212,18.7,,,,,,,,,,,,,,,,,,,,,,
ADJUCP,5/17/23,,30x30,Tr,Guaraguao,213,49.2,,,,,,,,,,,,,,,,,,,,,,
ADJUCP,5/17/23,,30x30,Tr,Guaraguao,214,33.5,,,,,,,,,,,,,,,,,,,,,,
ADJUCP,5/17/23,,30x30,Tr,Dead tree,215,52.5,,,,,,,,,,,,,,,,,,,,,,
ADJUCP,5/17/23,,30x30,Tr,Guaraguao,216,42,,,,,,,,,,,,,,,,,,,,,,
ADJUCP,5/17/23,,30x30,Tr,Guaraguao,217,46.5,,,,,,,,,,,,,,,,,,,,,,
ADJUCP,5/17/23,,30x30,Ba,Banana,218,11.3,,,,,,,,,,,,,,,,,,,,,,
ADJUCP,5/17/23,,30x30,Ci,Citrus,219,4,3.2,3.8,4,1.5,3,,,,,,,,,,,,,,,,,
ADJUCP,5/17/23,,10x10,Ba,Banana,NA,8.6,,,,,,,,,,,,,,,,,,,,,,
ADJUCP,5/17/23,,10x10,Co,Coffee,NA,8.4,,,,,,,,,,,,,,,,,,,,,,
ADJUCP,5/17/23,,10x10,Co,Coffee,NA,2.3,,,,,,,,,,,,,,,,,,,,,,
ADJUCP,5/17/23,,10x10,Ba,Banana,NA,9.4,,,,,,,,,,,,,,,,,,,,,,
ADJUCP,5/17/23,,10x10,Co,Coffee,NA,1.34,1.57,1.26,,,,,,,,,,,,,,,,,,,,
ADJUCP,5/17/23,,10x10,Co,Coffee,NA,1.64,,,,,,,,,,,,,,,,,,,,,,
ADJUCP,5/17/23,,10x10,Co,Coffee,NA,1.21,1.45,,,,,,,,,,,,,,,,,,,,,
ADJUCP,5/17/23,,10x10,Ba,Banana,NA,7.1,,,,,,,,,,,,,,,,,,,,,,
ADJUCP,5/17/23,,10x10,Co,Coffee,NA,2,0.9,1.14,,,,,,,,,,,,,,,,,,,,
ADJUCP,5/17/23,,10x10,Co,Coffee,NA,1,,,,,,,,,,,,,,,,,,,,,,
ADJUCP,5/17/23,,10x10,Ba,Banana,NA,6.4,,,,,,,,,,,,,,,,,,,,,,
ADJUCP,5/17/23,,10x10,Co,Coffee,NA,1.49,,,,,,,,,,,,,,,,,,,,,,
ADJUCP,5/17/23,,10x10,Ci,Citrus,NA,0.78,,,,,,,,,,,,,,,,,,,,,,
ADJUCP,5/17/23,,10x10,Ba,Banana,NA,10,,,,,,,,,,,,,,,,,,,,,,
ADJUCP,5/17/23,Plot 3,10x10,Co,Coffee,NA,1.44,,,,,,,,,,,,,,,,,,,,,,
ADJUCP,5/17/23,Plot 3,10x10,Co,Coffee,NA,1.37,,,,,,,,,,,,,,,,,,,,,,
ADJUCP,5/17/23,Plot 3,10x10,Co,Coffee,NA,1.39,,,,,,,,,,,,,,,,,,,,,,
ADJUCP,5/17/23,Plot 3,10x10,Co,Coffee,NA,0.92,,,,,,,,,,,,,,,,,,,,,,
ADJUCP,5/17/23,Plot 3,10x10,Tr,Guaraguao,NA,22.9,,,,,,,,,,,,,,,,,,,,,,
ADJUCP,5/17/23,Plot 3,10x10,Co,Coffee,NA,0.72,,,,,,,,,,,,,,,,,,,,,,
ADJUCP,5/17/23,Plot 3,10x10,Tr,Guava,NA,21.4,,,,,,,,,,,,,,,,,,,,,,
ADJUCP,5/17/23,Plot 3,10x10,Co,Coffee,NA,1.07,,,,,,,,,,,,,,,,,,,,,,
ADJUCP,5/17/23,Plot 3,10x10,Tr,Guava,NA,22.2,,,,,,,,,,,,,,,,,,,,,,
ADJUCP,5/17/23,Plot 3,10x10,Co,Coffee,NA,0.95,,,,,,,,,,,,,,,,,,,,,,
ADJUCP,5/17/23,Plot 3,10x10,Co,Coffee,NA,0.87,,,,,,,,,,,,,,,,,,,,,,
ADJUCP,5/17/23,Plot 3,10x10,In,Inga Vera,NA,78,,,,,,,,,,,,,,,,,,,,,,
ADJUCP,5/17/23,Plot 3,10x10,Co,Coffee,NA,0.91,,,,,,,,,,,,,,,,,,,,,,
ADJUCP,5/17/23,Plot 3,10x10,Co,Coffee,NA,0.82,,,,,,,,,,,,,,,,,,,,,,
ADJUCP,5/17/23,Plot 3,10x10,Co,Coffee,NA,1.07,,,,,,,,,,,,,,,,,,,,,,
ADJUCP,5/17/23,Plot 3,10x10,Co,Coffee,NA,0.56,,,,,,,,,,,,,,,,,,,,,,
ADJUCP,5/17/23,Plot 3,10x10,Co,Coffee,NA,1.07,,,,,,,,,,,,,,,,,,,,,,
ADJUCP,5/17/23,Plot 3,10x10,Co,Guava,NA,13.5,25.1,,,,,,,,,,,,,,,,,,,,,
ADJUCP,5/17/23,Plot 3,10x10,Co,Coffee,NA,1.51,,,,,,,,,,,,,,,,,,,,,,
ADJUCP,5/17/23,Plot 3,10x10,Co,Coffee,NA,0.75,,,,,,,,,,,,,,,,,,,,,,
ADJUCP,5/17/23,Plot 3,10x10,Co,Coffee,NA,0.81,,,,,,,,,,,,,,,,,,,,,,
JAYU2/3,5/18/23,Plot 1,30x30,Ba,Banana,220,13.5,,,,,,,,,,,,,,,,,,,,,,
JAYU2/3,5/18/23,Plot 1,30x30,Ba,Banana,221,11,,,,,,,,,,,,,,,,,,,,,,
JAYU2/3,5/18/23,Plot 1,30x30,Ba,Banana,222,10.5,,,,,,,,,,,,,,,,,,,,,,
JAYU2/3,5/18/23,Plot 1,30x30,Ba,Banana,223,15,,,,,,,,,,,,,,,,,,,,,,
JAYU2/3,5/18/23,Plot 1,30x30,Ba,Banana,224,14,,,,,,,,,,,,,,,,,,,,,,
JAYU2/3,5/18/23,Plot 1,30x30,Ba,Banana,225,12.8,,,,,,,,,,,,,,,,,,,,,,
JAYU2/3,5/18/23,Plot 1,both,Ba,Banana,226,12,,,,,,,,,,,,,,,,,,,,,,
JAYU2/3,5/18/23,Plot 1,30x30,Ba,Banana,227,10,,,,,,,,,,,,,,,,,,,,,,
JAYU2/3,5/18/23,Plot 1,30x30,Ba,Banana,228,11.7,,,,,,,,,,,,,,,,,,,,,,
JAYU2/3,5/18/23,Plot 1,30x30,Ba,Banana,229,11,,,,,,,,,,,,,,,,,,,,,,
JAYU2/3,5/18/23,Plot 1,30x30,Ba,Banana,230,13.8,,,,,,,,,,,,,,,,,,,,,,
JAYU2/3,5/18/23,Plot 1,30x30,Ba,Banana,231,13,,,,,,,,,,,,,,,,,,,,,,
JAYU2/3,5/18/23,Plot 1,30x30,Ba,Banana,232,11,,,,,,,,,,,,,,,,,,,,,,
JAYU2/3,5/18/23,Plot 1,30x30,Ba,Banana,233,11,,,,,,,,,,,,,,,,,,,,,,
JAYU2/3,5/18/23,Plot 1,30x30,Ba,Banana,234,14.5,,,,,,,,,,,,,,,,,,,,,,
JAYU2/3,5/18/23,Plot 1,30x30,Ba,Banana,235,11.8,,,,,,,,,,,,,,,,,,,,,,
JAYU2/3,5/18/23,Plot 1,30x30,Ba,Banana,236,11.5,,,,,,,,,,,,,,,,,,,,,,
JAYU2/3,5/18/23,Plot 1,30x30,Ba,Banana,237,10.2,,,,,,,,,,,,,,,,,,,,,,
JAYU2/3,5/18/23,Plot 1,30x30,Ba,Banana,238,10.5,,,,,,,,,,,,,,,,,,,,,,
JAYU2/3,5/18/23,Plot 1,30x30,Ba,Banana,239,14.5,,,,,,,,,,,,,,,,,,,,,,
JAYU2/3,5/18/23,Plot 1,30x30,Ba,Banana,240,12.5,,,,,,,,,,,,,,,,,,,,,,
JAYU2/3,5/18/23,Plot 1,Both,Ba,Banana,241,11,,,,,,,,,,,,,,,,,,,,,,
JAYU2/3,5/18/23,Plot 1,Both,Ba,Banana,242,11.8,,,,,,,,,,,,,,,,,,,,,,
JAYU2/3,5/18/23,Plot 1,30x30,Ba,Banana,243,13.4,,,,,,,,,,,,,,,,,,,,,,
JAYU2/3,5/18/23,Plot 1,30x30,Ba,Banana,244,16.6,,,,,,,,,,,,,,,,,,,,,,
JAYU2/3,5/18/23,Plot 1,30x30,Tr,Roble,245,65.8,,,,,,,,,,,,,,,,,,,,,,
JAYU2/3,5/18/23,Plot 1,30x30,Ba,Banana,246,10.8,,,,,,,,,,,,,,,,,,,,,,
JAYU2/3,5/18/23,Plot 1,30x30,Ba,Banana,247,10.7,,,,,,,,,,,,,,,,,,,,,,
JAYU2/3,5/18/23,Plot 1,30x30,Ba,Banana,248,10.2,,,,,,,,,,,,,,,,,,,,,,
JAYU2/3,5/18/23,Plot 1,30x30,Ba,Banana,249,11,,,,,,,,,,,,,,,,,,,,,,
JAYU2/3,5/18/23,,10x10,Ci,Citrus,NA,3.97,3.23,2.57,1.85,1.48,1.52,1.44,,,,,,,,,,,,,,,,
JAYU2/3,5/18/23,,10x10,Tr,Avocado,NA,26,,,,,,,,,,,,,,,,,,,,,,
JAYU2/3,5/18/23,,10x10,Tr,Avocado,NA,38.3,,,,,,,,,,,,,,,,,,,,,,
UTUA30,5/18/23,Plot 3,Both,Tr,Tree,250,22.4,18.1,,,,,,,,,,,,,,,,,,,,,
UTUA30,5/18/23,Plot 3,Both,Ba,Banana,251,11.6,,,,,,,,,,,,,,,,,,,,,,
UTUA30,5/18/23,Plot 3,10x10,Ba,Banana,NA,8.1,,,,,,,,,,,,,,,,,,,,,,
UTUA30,5/18/23,,30x30,Tr,Tree,252,6.1,6,8.7,5.8,,,,,,,,,,,,,,,,,,,
UTUA30,5/18/23,,30x30,Ba,Banana,253,11,,,,,,,,,,,,,,,,,,,,,,
UTUA30,5/18/23,,30x30,Ba,Banana,254,11.8,,,,,,,,,,,,,,,,,,,,,,
UTUA30,5/18/23,,30x30,Ba,Banana,255,10.7,,,,,,,,,,,,,,,,,,,,,,
UTUA30,5/18/23,,30x30,Ba,Banana,256,10.1,,,,,,,,,,,,,,,,,,,,,,
UTUA30,5/18/23,,30x30,Ba,Banana,257,10.3,,,,,,,,,,,,,,,,,,,,,,
UTUA30,5/18/23,,30x30,Ba,Banana,258,10.2,,,,,,,,,,,,,,,,,,,,,,
UTUA30,5/18/23,,30x30,Ba,Banana,259,10.5,,,,,,,,,,,,,,,,,,,,,,
UTUA30,5/18/23,,30x30,Ba,Banana,260,14.6,,,,,,,,,,,,,,,,,,,,,,
UTUA30,5/18/23,,30x30,Ba,Banana,261,12.8,,,,,,,,,,,,,,,,,,,,,,
UTUA30,5/18/23,Plot 2,10x10,Co,Coffee,NA,1.22,2.75,1.79,,,,,,,,,,,,,,,,,,,,
UTUA30,5/18/23,Plot 2,10x10,Co,Coffee,NA,1.07,0.9,1.01,1.74,1.62,1.11,1.36,1.705,2.49,0.88,,,,,,,,,,,,,
UTUA30,5/18/23,Plot 2,10x10,Ba,Banana,NA,15.2,,,,,,,,,,,,,,,,,,,,,,
UTUA30,5/18/23,Plot 2,10x10,Ba,Banana,NA,13,,,,,,,,,,,,,,,,,,,,,,
UTUA30,5/18/23,Plot 2,10x10,Co,Coffee,NA,1.1,1.3,1.5,1.7,2.65,,,,,,,,,,,,,,,,,,
UTUA30,5/18/23,Plot 2,10x10,Co,Coffee,NA,1.68,2.3,2.75,0.97,,,,,,,,,,,,,,,,,,,
UTUA30,5/18/23,Plot 2,10x10,Co,Coffee,NA,1.6,3.2,2.8,2.2,1.6,3.05,2.21,1.82,,,,,,,,,,,,,,,
UTUA30,5/18/23,Plot 2,10x10,Co,Coffee,NA,2.07,1.74,3.32,1.62,,,,,,,,,,,,,,,,,,,
ADJU7,5/19/23,Plot 2,10x10,Tr,P Maria,NA,2.17,1.04,2.3,1.64,,,,,,,,,,,,,,,,,,,
ADJU7,5/19/23,Plot 2,10x10,Tr,Teak,NA,2.08,2.13,,,,,,,,,,,,,,,,,,,,,
ADJU7,5/19/23,Plot 2,10x10,Tr,"Trees in the 'abandoned' plot, looked like secondary succesion, near the lake. Young trees. ",NA,1.21,1.57,,,,,,,,,,,,,,,,,,,,,
ADJU7,5/19/23,Plot 2,10x10,Tr,,NA,2.47,0.8,,,,,,,,,,,,,,,,,,,,,
ADJU7,5/19/23,Plot 2,10x10,Tr,Teak,NA,25.5,,,,,,,,,,,,,,,,,,,,,,
ADJU7,5/19/23,Plot 2,10x10,Tr,,NA,0.7,1.46,,,,,,,,,,,,,,,,,,,,,
ADJU7,5/19/23,Plot 2,10x10,Tr,,NA,2.06,,,,,,,,,,,,,,,,,,,,,,
ADJU7,5/19/23,Plot 2,10x10,Tr,,NA,1.31,,,,,,,,,,,,,,,,,,,,,,
ADJU7,5/19/23,Plot 2,10x10,Tr,,NA,4.22,,,,,,,,,,,,,,,,,,,,,,
ADJU7,5/19/23,Plot 2,10x10,Tr,,NA,3.51,,,,,,,,,,,,,,,,,,,,,,
ADJU7,5/19/23,Plot 2,10x10,Tr,,NA,1.58,,,,,,,,,,,,,,,,,,,,,,
ADJU7,5/19/23,Plot 2,10x10,Tr,,NA,4.04,,,,,,,,,,,,,,,,,,,,,,
ADJU7,5/19/23,Plot 2,10x10,Tr,,NA,2.58,,,,,,,,,,,,,,,,,,,,,,
ADJU7,5/19/23,Plot 2,10x10,Tr,,NA,3.83,,,,,,,,,,,,,,,,,,,,,,
ADJU7,5/19/23,Plot 2,10x10,Tr,Dead Tree,NA,14.3,,,,,,,,,,,,,,,,,,,,,,
ADJU7,5/19/23,Plot 2,10x10,Tr,,NA,1.35,,,,,,,,,,,,,,,,,,,,,,
ADJU7,5/19/23,Plot 2,10x10,Tr,,NA,2.12,,,,,,,,,,,,,,,,,,,,,,
ADJU7,5/19/23,Plot 2,10x10,Tr,,NA,4,,,,,,,,,,,,,,,,,,,,,,
ADJU7,5/19/23,Plot 2,10x10,Tr,,NA,3.81,,,,,,,,,,,,,,,,,,,,,,
ADJU7,5/19/23,Plot 2,10x10,Tr,,NA,3.19,3,,,,,,,,,,,,,,,,,,,,,
ADJU7,5/19/23,Plot 2,10x10,Tr,,NA,1.11,,,,,,,,,,,,,,,,,,,,,,
ADJU7,5/19/23,Plot 2,10x10,Tr,,NA,2.1,,,,,,,,,,,,,,,,,,,,,,
ADJU7,5/19/23,Plot 2,10x10,Tr,,NA,1.59,,,,,,,,,,,,,,,,,,,,,,
ADJU7,5/19/23,Plot 2,10x10,Tr,,NA,3.12,2.15,,,,,,,,,,,,,,,,,,,,,
ADJU7,5/19/23,Plot 2,10x10,Tr,,NA,2.12,,,,,,,,,,,,,,,,,,,,,,
ADJU7,5/19/23,Plot 2,10x10,Tr,,NA,1.82,,,,,,,,,,,,,,,,,,,,,,
ADJU7,5/19/23,Plot 2,10x10,Tr,,NA,1.79,,,,,,,,,,,,,,,,,,,,,,
ADJU7,5/19/23,Plot 2,10x10,Tr,,NA,1.22,,,,,,,,,,,,,,,,,,,,,,
ADJU7,5/19/23,Plot 2,10x10,Tr,,NA,1.1,,,,,,,,,,,,,,,,,,,,,,
ADJU7,5/19/23,Plot 2,10x10,Tr,,NA,1.57,,,,,,,,,,,,,,,,,,,,,,
ADJU7,5/19/23,Plot 2,10x10,Tr,,NA,0.73,,,,,,,,,,,,,,,,,,,,,,
ADJU7,5/19/23,Plot 2,10x10,Tr,,NA,1.23,,,,,,,,,,,,,,,,,,,,,,
ADJU7,5/19/23,Plot 2,10x10,Tr,,NA,2.06,,,,,,,,,,,,,,,,,,,,,,
ADJU7,5/19/23,Plot 2,10x10,Tr,,NA,1.47,,,,,,,,,,,,,,,,,,,,,,
ADJU7,5/19/23,Plot 2,10x10,Tr,,NA,3.55,,,,,,,,,,,,,,,,,,,,,,
ADJU7,5/19/23,Plot 2,10x10,Tr,,NA,3.36,,,,,,,,,,,,,,,,,,,,,,
ADJU7,5/19/23,Plot 2,10x10,Tr,,NA,1.1,,,,,,,,,,,,,,,,,,,,,,
ADJU7,5/19/23,Plot 2,10x10,Tr,,NA,0.95,,,,,,,,,,,,,,,,,,,,,,
ADJU7,5/19/23,Plot 2,10x10,Tr,,NA,4.98,,,,,,,,,,,,,,,,,,,,,,
ADJU7,5/19/23,Plot 2,10x10,Tr,,NA,1.22,1.11,,,,,,,,,,,,,,,,,,,,,
ADJU7,5/19/23,Plot 2,10x10,Tr,,NA,3.84,,,,,,,,,,,,,,,,,,,,,,
ADJU7,5/19/23,Plot 2,10x10,Tr,,NA,2.14,,,,,,,,,,,,,,,,,,,,,,
ADJU7,5/19/23,Plot 2,10x10,Tr,,NA,2.02,,,,,,,,,,,,,,,,,,,,,,
ADJU7,5/19/23,Plot 2,10x10,Tr,,NA,4.09,,,,,,,,,,,,,,,,,,,,,,
ADJU7,5/19/23,Plot 2,10x10,Tr,,NA,1.21,,,,,,,,,,,,,,,,,,,,,,
ADJU7,5/19/23,Plot 2,10x10,Tr,,NA,3.15,,,,,,,,,,,,,,,,,,,,,,
ADJU7,5/19/23,Plot 2,10x10,Tr,,NA,0.73,,,,,,,,,,,,,,,,,,,,,,
ADJU7,5/19/23,Plot 2,10x10,Tr,,NA,1.71,,,,,,,,,,,,,,,,,,,,,,
ADJU7,5/19/23,Plot 2,10x10,Tr,,NA,2.07,,,,,,,,,,,,,,,,,,,,,,
ADJU7,5/19/23,Plot 2,10x10,Tr,,NA,0.99,,,,,,,,,,,,,,,,,,,,,,
ADJU7,5/19/23,Plot 2,10x10,Tr,,NA,1.25,1.14,,,,,,,,,,,,,,,,,,,,,
ADJU7,5/19/23,Plot 2,10x10,Tr,Dead Tree,NA,20.5,,,,,,,,,,,,,,,,,,,,,,
ADJU7,5/19/23,Plot 2,10x10,Tr,,NA,2.82,,,,,,,,,,,,,,,,,,,,,,
ADJU7,5/19/23,Plot 2,10x10,Tr,,NA,2.3,,,,,,,,,,,,,,,,,,,,,,
ADJU7,5/19/23,Plot 2,10x10,Tr,,NA,1.18,,,,,,,,,,,,,,,,,,,,,,
ADJU7,5/19/23,Plot 2,10x10,Tr,,NA,2.41,,,,,,,,,,,,,,,,,,,,,,
ADJU7,5/19/23,Plot 2,10x10,Tr,Teak,NA,34,,,,,,,,,,,,,,,,,,,,,,
ADJU7,5/19/23,Plot 2,10x10,Tr,,NA,1.13,,,,,,,,,,,,,,,,,,,,,,
ADJU7,5/19/23,Plot 2,10x10,Tr,,NA,1.72,,,,,,,,,,,,,,,,,,,,,,
ADJU7,5/19/23,Plot 2,10x10,Tr,,NA,1.3,1.5,,,,,,,,,,,,,,,,,,,,,
ADJU7,5/19/23,Plot 2,10x10,Tr,,NA,1.72,,,,,,,,,,,,,,,,,,,,,,
ADJU7,5/19/23,Plot 2,10x10,Tr,,NA,2.53,,,,,,,,,,,,,,,,,,,,,,
ADJU7,5/19/23,Plot 2,10x10,Tr,,NA,1.4,,,,,,,,,,,,,,,,,,,,,,
ADJU7,5/19/23,Plot 2,10x10,Tr,Dead Tree,NA,20.5,,,,,,,,,,,,,,,,,,,,,,
ADJU7,5/19/23,Plot 2,10x10,Tr,,NA,0.75,,,,,,,,,,,,,,,,,,,,,,
ADJU7,5/19/23,Plot 2,10x10,Tr,,NA,3.15,,,,,,,,,,,,,,,,,,,,,,
ADJU7,5/19/23,Plot 2,10x10,Tr,Dead Tree,NA,20.5,,,,,,,,,,,,,,,,,,,,,,
ADJU7,5/19/23,Plot 2,10x10,Tr,,NA,2.3,,,,,,,,,,,,,,,,,,,,,,
ADJU7,5/19/23,Plot 2,10x10,Tr,,NA,1.36,,,,,,,,,,,,,,,,,,,,,,
ADJU7,5/19/23,Plot 2,10x10,Tr,,NA,2,,,,,,,,,,,,,,,,,,,,,,
ADJU7,5/19/23,Plot 2,10x10,Tr,,NA,2.59,,,,,,,,,,,,,,,,,,,,,,
ADJU7,5/19/23,Plot 2,10x10,Tr,,NA,2.46,,,,,,,,,,,,,,,,,,,,,,
ADJU7,5/19/23,Plot 2,10x10,Tr,,NA,1.19,,,,,,,,,,,,,,,,,,,,,,
ADJU7,5/19/23,Plot 2,10x10,Tr,,NA,3.54,,,,,,,,,,,,,,,,,,,,,,
ADJU7,5/19/23,Plot 2,10x10,Tr,,NA,4.82,,,,,,,,,,,,,,,,,,,,,,
ADJU7,5/19/23,Plot 2,10x10,Tr,,NA,1.12,,,,,,,,,,,,,,,,,,,,,,
ADJU7,5/19/23,Plot 2,10x10,Tr,,NA,1.05,,,,,,,,,,,,,,,,,,,,,,
ADJU7,5/19/23,Plot 2,10x10,Tr,,NA,0.88,,,,,,,,,,,,,,,,,,,,,,
ADJU7,5/19/23,Plot 2,10x10,Tr,,NA,6.02,,,,,,,,,,,,,,,,,,,,,,
ADJU7,5/19/23,Plot 2,10x10,Tr,,NA,2.12,,,,,,,,,,,,,,,,,,,,,,
ADJU7,5/19/23,Plot 2,10x10,Tr,,NA,2.71,,,,,,,,,,,,,,,,,,,,,,
ADJU7,5/19/23,Plot 2,10x10,Tr,,NA,1.02,,,,,,,,,,,,,,,,,,,,,,
ADJU7,5/19/23,Plot 2,10x10,Tr,,NA,0.74,,,,,,,,,,,,,,,,,,,,,,
ADJU7,5/19/23,Plot 2,10x10,Tr,,NA,5.08,3.17,,,,,,,,,,,,,,,,,,,,,
ADJU7,5/19/23,Plot 2,10x10,Tr,,NA,0.51,,,,,,,,,,,,,,,,,,,,,,
ADJU7,5/19/23,Plot 2,10x10,Tr,,NA,2.14,,,,,,,,,,,,,,,,,,,,,,
ADJU7,5/19/23,Plot 2,10x10,Tr,,NA,1.8,,,,,,,,,,,,,,,,,,,,,,
ADJU7,5/19/23,Plot 2,10x10,Tr,,NA,2.22,,,,,,,,,,,,,,,,,,,,,,
ADJU7,5/19/23,Plot 2,10x10,Tr,,NA,3.18,,,,,,,,,,,,,,,,,,,,,,
ADJU7,5/19/23,Plot 2,10x10,Tr,,NA,2.47,,,,,,,,,,,,,,,,,,,,,,
ADJU7,5/19/23,Plot 2,10x10,Tr,,NA,3.32,,,,,,,,,,,,,,,,,,,,,,
ADJU7,5/19/23,Plot 2,10x10,Tr,,NA,1.16,,,,,,,,,,,,,,,,,,,,,,
ADJU7,5/19/23,Plot 2,10x10,Tr,,NA,1.8,,,,,,,,,,,,,,,,,,,,,,
ADJU7,5/19/23,Plot 2,10x10,Tr,,NA,3.1,,,,,,,,,,,,,,,,,,,,,,
ADJU7,5/19/23,Plot 2,10x10,Tr,,NA,1.8,,,,,,,,,,,,,,,,,,,,,,
ADJU7,5/19/23,Plot 2,10x10,Tr,,NA,1.28,,,,,,,,,,,,,,,,,,,,,,
ADJU7,5/19/23,Plot 2,10x10,Tr,,NA,1.42,,,,,,,,,,,,,,,,,,,,,,
ADJU7,5/19/23,Plot 2,10x10,Tr,,NA,1.56,,,,,,,,,,,,,,,,,,,,,,
ADJU7,5/19/23,Plot 2,10x10,Tr,,NA,1.07,,,,,,,,,,,,,,,,,,,,,,
ADJU7,5/19/23,Plot 2,10x10,Tr,,NA,2.32,,,,,,,,,,,,,,,,,,,,,,
ADJU7,5/19/23,Plot 5,10x10,Co ,Coffee Robusta,NA,2.11,3.71,2.51,2.23,1.09,3.5,4.18,2.93,2.74,4.76,2.55,4.52,2.61,2.41,2.36,1.71,,,,,,,
ADJU7,5/19/23,Plot 5,10x10,Co ,Coffee Robusta,NA,0.421,2.15,2.3,1.91,3.04,2.51,1.11,2.68,2.68,1.93,3.11,2.36,3.16,,,,,,,,,,
ADJU7,5/19/23,Plot 5,10x10,Co ,Coffee Robusta,NA,1.95,4.27,2.59,1.56,2.53,2.92,2.23,1.76,2.24,3,4.11,2.88,2.42,,,,,,,,,,
ADJU7,5/19/23,Plot 5,10x10,Co ,Coffee Robusta,NA,2.93,2.91,3.15,1.51,2.69,3.65,1.88,1.99,3.15,1.66,1.06,3.04,4.14,3.09,,,,,,,,,
ADJU7,5/19/23,Plot 5,10x10,Co ,Coffee Robusta,NA,3.02,2.42,1.73,1.64,2.89,2.15,1.54,2.02,1.42,1.14,1.92,2.76,3.24,2.95,,,,,,,,,
ADJU7,5/19/23,Plot 5,10x10,Co ,Coffee Robusta,NA,2.61,2.77,2.13,1.35,2.19,1.84,2.02,1.76,1.51,3.04,3.58,0.244,1.2,1.94,3.5,3.56,1.97,3.24,2.37,,,,
ADJU7,5/19/23,Plot 5,10x10,Co ,Coffee Robusta,NA,2.96,2.68,3.18,1.98,1.58,3.39,1.36,1.7,2.32,,,,,,,,,,,,,,
ADJU7,5/19/23,Plot 5,10x10,Co ,Coffee Robusta,NA,3.18,2.29,2.04,3.01,1.27,1.17,3.03,1.61,3.54,2.18,1.71,2.13,3.66,2.97,2,2.39,2.32,,,,,,
ADJU7,5/19/23,Plot 5,10x10,Co ,Coffee Robusta,NA,2.07,1.16,1.49,2.7,1.74,1.63,2.69,2.16,1.96,2.49,1.85,1.91,2.04,2.47,,,,,,,,,
ADJU7,5/19/23,Plot 5,10x10,Co ,Coffee Robusta,NA,2.99,2.6,1.9,3,3.3,,,,,,,,,,,,,,,,,,
ADJU7,5/19/23,Plot 1,30x30,Tr,Tree,300,53.7,,,,,,,,,,,,,,,,,,,,,,
ADJU8,5/19/23,Plot 2,10x10,Co ,,NA,4,3.5,1.8,4.2,1.7,1.3,,,,,,,,,,,,,,,,,
ADJU8,5/19/23,Plot 2,10x10,Co,,NA,4.7,1.3,1.3,2,1.2,1,3.1,,,,,,,,,,,,,,,,
ADJU8,5/19/23,Plot 2,10x10,Co,,NA,2.7,1.3,2.6,2,2.3,1.7,1.6,,,,,,,,,,,,,,,,
ADJU8,5/19/23,Plot 2,10x10,Co,,NA,2.9,1,2.2,1.4,1,2.1,3.5,1.5,1.1,1.2,1.1,2.8,1,1.1,,,,,,,,,
ADJU8,5/19/23,Plot 2,10x10,Co,,NA,1.2,3,2.8,1.2,,,,,,,,,,,,,,,,,,,
ADJU8,5/19/23,Plot 2,10x10,Co,,NA,1.8,1.3,0.9,1.2,2,1.5,1.4,2.2,1.1,,,,,,,,,,,,,,
ADJU8,5/19/23,Plot 2,10x10,Co,,NA,1.3,1.5,,,,,,,,,,,,,,,,,,,,,
ADJU8,5/19/23,Plot 2,10x10,Co,,NA,2,,,,,,,,,,,,,,,,,,,,,,
ADJU8,5/19/23,Plot 3,10x10,Co,,NA,1.15,,,,,,,,,,,,,,,,,,,,,,
ADJU8,5/19/23,Plot 3,10x10,Co,,NA,0.71,0.86,,,,,,,,,,,,,,,,,,,,,
ADJU8,5/19/23,Plot 3,10x10,Co,,NA,0.81,0.75,0.61,1.89,,,,,,,,,,,,,,,,,,,
ADJU8,5/19/23,Plot 3,10x10,Co,,NA,1.31,2.27,0.86,0.1,0.7,,,,,,,,,,,,,,,,,,
ADJU8,5/19/23,Plot 3,10x10,Co,,NA,2.3,1.63,2.47,2.5,1.95,1.2,2.55,,,,,,,,,,,,,,,,
ADJU8,5/19/23,Plot 3,10x10,Co,,NA,1.1,1.84,1.36,3.4,0.61,1.1,0.8,2.28,0.93,3.15,,,,,,,,,,,,,
ADJU8,5/19/23,Plot 3,10x10,Co,,NA,3.71,1.7,0.92,0.63,2.39,1.35,0.82,1.07,2.29,1.08,0.84,0.96,,,,,,,,,,,
ADJU8,5/19/23,Plot 3,10x10,Co,,NA,2.9,1.9,0.66,1.35,1.1,0.9,3.8,3.95,1.1,,,,,,,,,,,,,,
ADJU8,5/19/23,Plot 3,10x10,Co,,NA,2.5,0.8,2.6,3,1.08,1.25,3.1,0.85,1.05,2.4,,,,,,,,,,,,,
ADJU8,5/19/23,Plot 3,10x10,Co,,NA,0.9,3.3,1.45,0.8,1.48,4.3,1.3,2.8,3.7,,,,,,,,,,,,,,
ADJU8,5/19/23,Plot 3,10x10,Co,,NA,1.2,0.85,3.55,2.95,0.7,3.5,1,1.1,3.95,,,,,,,,,,,,,,
ADJU8,5/19/23,Plot 3,10x10,Co,,NA,0.75,2.4,1,0.7,1.2,3.25,3.68,3.15,,,,,,,,,,,,,,,
ADJU8,5/19/23,Plot 3,10x10,Co,,NA,3.55,3.58,1.22,0.98,0.95,3,0.95,1.15,2.5,,,,,,,,,,,,,,
ADJU8,5/19/23,Plot 3,10x10,Co,,NA,2.9,0.35,3.57,4.15,,,,,,,,,,,,,,,,,,,
ADJU8,5/19/23,Plot 3,10x10,Co,,NA,4.1,4,3.85,3.7,,,,,,,,,,,,,,,,,,,
ADJU8,5/19/23,Plot 3,10x10,Co,,NA,0.7,2.82,0.95,2.45,1.48,2.58,,,,,,,,,,,,,,,,,
ADJU8,5/19/23,Plot 4,10x10,Co,,NA,3.27,1.19,1.94,0.96,1.52,0.66,3.51,1.32,1.19,,,,,,,,,,,,,,
ADJU8,5/19/23,Plot 4,10x10,Co,,NA,3.46,2.55,3.25,,,,,,,,,,,,,,,,,,,,
ADJU8,5/19/23,Plot 4,10x10,Co,,NA,3.68,1.45,1.51,1.03,1.24,0.8,3.87,1.2,,,,,,,,,,,,,,,
ADJU8,5/19/23,Plot 4,10x10,Co,,NA,4.61,3.3,1.57,0.89,1.75,,,,,,,,,,,,,,,,,,
ADJU8,5/19/23,Plot 4,10x10,Co,,NA,2.89,4.94,2.98,,,,,,,,,,,,,,,,,,,,
ADJU8,5/19/23,Plot 4,10x10,Co,,NA,4.91,0.93,3.26,3.66,,,,,,,,,,,,,,,,,,,
ADJU8,5/19/23,Plot 4,10x10,Co,,NA,2.74,1.53,1.54,1.24,1.14,4.2,3.5,,,,,,,,,,,,,,,,
ADJU8,5/19/23,Plot 4,10x10,Co,,NA,3.94,2.05,3.61,1.73,3.18,1.19,0.64,,,,,,,,,,,,,,,,
ADJU8,5/19/23,Plot 4,10x10,Co,,NA,1.15,2.45,3.4,,,,,,,,,,,,,,,,,,,,
ADJU8,5/19/23,Plot 4,10x10,Co,,NA,2.8,0.7,2.55,0.9,0.75,1.7,3.66,1.75,3.77,0.7,0.7,0.55,,,,,,,,,,,
ADJU8,5/19/23,Plot 4,10x10,Co,,NA,1.1,1.98,0.8,2.25,2.95,,,,,,,,,,,,,,,,,,
ADJU8,5/19/23,Plot 4,10x10,Co,,NA,1.15,2.8,3.05,3.5,1.34,1.4,,,,,,,,,,,,,,,,,
ADJU8,5/19/23,Plot 4,10x10,Co,,NA,0.82,1.55,1,3,0.7,0.9,1.5,3.68,1.7,1.6,,,,,,,,,,,,,
ADJU8,5/19/23,Plot 4,10x10,Co,,NA,2.84,3.75,3.3,0.64,0.68,,,,,,,,,,,,,,,,,,
ADJU7,5/19/23,Plot 5,10x10,Co,Robusta,NA,2.9,2,2.8,4.2,1.6,2.1,3.2,1.5,2.2,2.2,,,,,,,,,,,,,
ADJU7,5/19/23,Plot 5,10x10,Co,Robusta,NA,3.2,3.4,2.3,1.9,2.3,2.5,2.5,2.8,1.8,2.6,2.8,2.2,1.5,0.8,1.7,1.2,,,,,,,
ADJU7,5/19/23,Plot 5,10x10,Co,Robusta,NA,2.3,1.8,1.5,,,,,,,,,,,,,,,,,,,,
ADJU7,5/19/23,Plot 5,10x10,Co,Robusta,NA,2.5,3.2,3.4,2.1,2.6,2.6,2.3,,,,,,,,,,,,,,,,
ADJU7,5/19/23,Plot 5,10x10,Co,Robusta,NA,1,1.5,1.5,1.7,2,1,1.2,2.1,1.3,2.5,2.3,1.3,1.9,1.3,3,1,2.3,1.2,2,1.1,1,2,
ADJU7,5/19/23,Plot 5,10x10,Co,Robusta,NA,2,1.5,1.4,1.5,1.3,1.3,1.5,1.2,1.4,1.8,1.5,2.2,1.5,1.2,1.8,2.3,1.5,1.9,1.8,2.1,1.5,1.195,
ADJU7,5/19/23,Plot 5,10x10,Co,Robusta,NA,1.05,1.03,1.18,2.4,2.19,1.18,2.07,1.68,0.92,1.06,1.18,1.06,1.19,2.09,0.99,1.11,1.28,1.84,0.75,1.55,0.84,1.84,
ADJU8,5/19/23,Plot 2,Both,In,Inga Vera,301,5.65,3.23,4.38,3.17,3.52,3.46,3.02,2,2.32,2.22,1.18,,,,,,,,,,,,
ADJU 8 ,5/19/23,Plot 2,10x10,Co,,NA,1.54,1.12,2.11,1.11,,,,,,,,,,,,,,,,,,,
ADJU 8 ,5/19/23,Plot 2,10x10,Co,,NA,2.82,1.21,1.69,0.73,3.29,3.4,,,,,,,,,,,,,,,,,
ADJU 8 ,5/19/23,Plot 2,10x10,Co,,NA,1.4,3.1,1.23,0.83,0.99,3.8,0.87,0.9,3.09,0.88,,,,,,,,,,,,,
ADJU 8 ,5/19/23,Plot 2,10x10,Co,,NA,1.5,2.03,0.85,1.05,2.94,2.69,2.27,0.98,,,,,,,,,,,,,,,
ADJU 8 ,5/19/23,Plot 2,10x10,Co,,NA,2.63,1.08,0.75,2.3,0.91,2.26,1.17,0.72,1.11,,,,,,,,,,,,,,
ADJU 8 ,5/19/23,Plot 2,10x10,Co,,NA,1.01,0.81,1.58,3.2,0.69,0.9,2.25,1.08,1.1,,,,,,,,,,,,,,
ADJU 8 ,5/19/23,Plot 2,10x10,Co,,NA,1.26,2.53,1.06,1.35,2.57,1.33,1.46,,,,,,,,,,,,,,,,
ADJU 8 ,5/19/23,Plot 2,10x10,Co,,NA,0.95,1.28,2.82,1.75,1.16,1.53,2.47,1.73,0.93,,,,,,,,,,,,,,
ADJU 8 ,5/19/23,Plot 2,10x10,Co,,NA,0.93,0.66,0.9,3.17,0.84,3.44,1.31,1.66,3.22,3.21,0.91,,,,,,,,,,,,
ADJU 8 ,5/19/23,Plot 2,10x10,Co,,NA,3.35,1.51,2.44,2.7,2.85,1.25,0.8,0.97,,,,,,,,,,,,,,,
ADJU 8 ,5/19/23,Plot 2,10x10,Co,,NA,0.76,2.92,1.6,1.24,2.99,0.87,0.8,0.97,1.4,2.47,,,,,,,,,,,,,
ADJU 8 ,5/19/23,Plot 2,10x10,Co,,NA,1.92,1.25,1.67,1.52,1.19,1.69,3.81,4.09,,,,,,,,,,,,,,,
ADJU 8 ,5/19/23,Plot 2,10x10,Co,,NA,1.69,1.23,1.86,1.17,0.77,0.77,0.65,1.35,,,,,,,,,,,,,,,